,precision,recall,f1-score,support
Normal,0.8292682926829268,0.8292682926829268,0.8292682926829268,82.0
Heart Disease,0.8627450980392157,0.8627450980392157,0.8627450980392157,102.0
accuracy,0.8478260869565217,0.8478260869565217,0.8478260869565217,0.8478260869565217
macro avg,0.8460066953610712,0.8460066953610712,0.8460066953610712,184.0
weighted avg,0.8478260869565217,0.8478260869565217,0.8478260869565217,184.0
